dataset,price,comparator,selected,difference,bootstrap_low,bootstrap_high,buckets,selected_hit,baseline_hit,selected_mean,baseline_mean
conversation,0.0,global,depth,0.0,0.0,0.0,24,0.3391661458798322,0.3391661458798322,34247.98599250381,34247.98599250381
conversation,0.0,group,depth,0.00016069993750557986,0.0,0.000495884162047117,24,0.3391661458798322,0.33900544594232657,34247.98599250381,34236.24722752251
conversation,0.0001,global,depth,-0.0008584574886170843,-0.0050420349104968246,0.003621156743257278,24,0.3391036514596911,0.3317560932059638,33988.36576431036,27491.64479195498
conversation,0.0001,group,depth,-0.0007104421328452912,-0.004788441556056344,0.0036912482007789836,24,0.3391036514596911,0.33159539326845816,33988.36576431036,27481.60238029469
conversation,0.0003,global,depth,-0.0013956377894830724,-0.004285402768046987,0.0007445530215645928,24,0.32880099991072226,0.3317560932059638,27080.103324173957,27491.64479195498
conversation,0.0003,group,depth,-0.0012729915971788535,-0.004210972934463594,0.0009284156107608586,24,0.32880099991072226,0.33159539326845816,27080.103324173957,27481.60238029469
conversation,0.001,global,group_depth,0.001539667681457106,-0.006000196759269477,0.008928331492259847,24,0.19796446745826266,0.20406213730916883,7467.154926393813,8071.804642862499
conversation,0.001,group,group_depth,-0.0019843404160343387,-0.008271009475265068,0.0036071241487131912,24,0.19796446745826266,0.20911525756628874,7467.154926393813,8192.864793713534
conversation,0.003,global,group_depth,0.019614494580840993,0.014335888276533263,0.025014218019811574,24,0.05472725649495581,0.035818230515132575,208.65560182516307,227.27297067372638
conversation,0.003,group,group_depth,0.0003537719578609064,-0.002315833245047493,0.003931738039569689,24,0.05472725649495581,0.052566735112936344,208.65560182516307,160.97535014852988
conversation,0.01,global,group_depth,0.037570817159182195,0.03481231250135937,0.040323996859863126,24,0.04966520846353004,0.035818230515132575,39.45080631914231,227.27297067372638
conversation,0.01,group,group_depth,-0.001085974823676458,-0.002719618057171981,0.0006405750909264354,24,0.04966520846353004,0.04834389786626194,39.45080631914231,20.39227393052698
conversation,0.03,global,depth,0.0458406392286403,0.0444439770113976,0.04720794322411564,24,0.046219087581465944,0.0,0.9987280177348087,0.0
conversation,0.03,group,depth,0.0,0.0,0.0,24,0.046219087581465944,0.046219087581465944,0.9987280177348087,0.9987280177348087
conversation,0.1,global,depth,0.044957593072047136,0.04358730450959584,0.04629452651682975,24,0.046219087581465944,0.0,0.9987280177348087,0.0
conversation,0.1,group,depth,0.0,0.0,0.0,24,0.046219087581465944,0.046219087581465944,0.9987280177348087,0.9987280177348087
conversation,0.3,global,depth,0.042434604053209535,0.041128744733305043,0.04369767543032835,24,0.046219087581465944,0.0,0.9987280177348087,0.0
conversation,0.3,group,depth,0.0,0.0,0.0,24,0.046219087581465944,0.046219087581465944,0.9987280177348087,0.9987280177348087
conversation,1.0,global,depth,0.03360414248727792,0.032508117426327136,0.034679279037330146,24,0.046219087581465944,0.0,0.9987280177348087,0.0
conversation,1.0,group,depth,0.0,0.0,0.0,24,0.046219087581465944,0.046219087581465944,0.9987280177348087,0.9987280177348087
toolagent,0.0,global,depth,0.0,0.0,0.0,24,0.5712112279634102,0.5712112279634102,31477.23055547935,31477.23055547935
toolagent,0.0,group,depth,0.0001141053192096305,0.0,0.00035030024476859944,24,0.5712112279634102,0.5710971226442006,31477.23055547935,31465.49179049811
toolagent,0.0001,global,group_depth,0.00040231769393151676,0.00013639031413920826,0.0006227496168321452,24,0.5672428985286753,0.567642267145909,24309.973164397274,25203.8468543531
toolagent,0.0001,group,group_depth,-0.000293052735041107,-0.0003980948414177891,-0.00018953994337789882,24,0.5672428985286753,0.5672619160818769,24309.973164397274,24004.426174562108
toolagent,0.0003,global,group_depth,0.0025338518050828543,0.0015137273324359998,0.0034781973866220795,24,0.565391856683719,0.567642267145909,23425.709068620017,25203.8468543531
toolagent,0.0003,group,group_depth,-1.6117610254271275e-05,-0.0008194147771269705,0.0006081561254995121,24,0.565391856683719,0.5663617518970009,23425.709068620017,23780.193814728227
toolagent,0.001,global,group_depth,0.004548423261003374,0.002061576538399671,0.007090796409060491,24,0.5014104685291191,0.4829190676327584,9035.850470271538,7481.219850500385
toolagent,0.001,group,group_depth,0.0009142841412625385,-0.0013463210981649921,0.003228391723271217,24,0.5014104685291191,0.4841995828816664,9035.850470271538,7218.7927109959655
toolagent,0.003,global,group_depth,0.017616415406753762,0.015429196199405621,0.020350718188724533,24,0.3729785925742794,0.3702337257288477,163.25277728379356,715.9746171825325
toolagent,0.003,group,group_depth,0.00021484127950097454,-0.001730205276466943,0.0027887507586092887,24,0.3729785925742794,0.3715332585309574,163.25277728379356,117.51979785688374
toolagent,0.01,global,group_depth,0.05884307577227115,0.05707554035909455,0.060493455688804154,24,0.3711275507293232,0.3702337257288477,69.84520351857601,715.9746171825325
toolagent,0.01,group,group_depth,-0.0002673236597379299,-0.0006316306319195846,4.352964923318078e-05,24,0.3711275507293232,0.3713937964741456,69.84520351857601,69.83318485529686
toolagent,0.03,global,group_depth,0.13842590076640732,0.12733636295530795,0.1495422503664518,24,0.36977096526760866,0.27974186841121024,47.89864373724731,227.77211415666198
toolagent,0.03,group,group_depth,0.000435185009096713,0.0002956567876546089,0.0006063140049680452,24,0.36977096526760866,0.3698597138492162,47.89864373724731,49.84591598697081
toolagent,0.1,global,group_depth,0.2549696093160652,0.2435020098328504,0.26628918009923636,24,0.36727332661379786,0.27974186841121024,41.07994305341897,227.77211415666198
toolagent,0.1,group,group_depth,0.00521086979949158,0.004346837355272964,0.006121943296616321,24,0.36727332661379786,0.3698470354804151,41.07994305341897,49.75968469315365
toolagent,0.3,global,group_depth,0.27543969153528725,0.26540526585764146,0.28672214702573495,24,0.3375996044348934,0.0,23.10259841747193,0.0
toolagent,0.3,group,group_depth,0.030231669297428185,0.026298374540350895,0.03447257760853567,24,0.3375996044348934,0.3598564808651719,23.10259841747193,42.6106983632169
toolagent,1.0,global,group_depth,0.14659997844677303,0.14077152066296955,0.15277092048191665,24,0.23661639693437042,0.0,10.036757149210391,0.0
toolagent,1.0,group,group_depth,0.06094346081433009,0.051491821510449357,0.0715058142528325,24,0.23661639693437042,0.2708860278036628,10.036757149210391,20.65293911590006
synthetic,0.0,global,depth,-0.026388507344504954,-0.04265955989630995,-0.010150133738660966,7,0.6815442043856956,0.7079327117302006,13053.544142755793,13317.668290893049
synthetic,0.0,group,depth,-0.024917990401241052,-0.041718703068435115,-0.008255581899124977,7,0.6815442043856956,0.7064621947869366,13053.544142755793,13303.407903427029
synthetic,0.0001,global,depth,-0.02621402227913968,-0.042475730559523424,-0.010019866961256032,7,0.6815442043856956,0.7079327117302006,13053.544142755793,13317.668290893049
synthetic,0.0001,group,depth,-0.024752925999062734,-0.04153932694405362,-0.008150669345182257,7,0.6815442043856956,0.7064621947869366,13053.544142755793,13303.407903427029
synthetic,0.0003,global,depth,-0.025865052148409135,-0.04210167897002033,-0.00970081614552905,7,0.6815442043856956,0.7079327117302006,13053.544142755793,13317.668290893049
synthetic,0.0003,group,depth,-0.024422797194706098,-0.041180574695290635,-0.007940844237296817,7,0.6815442043856956,0.7064621947869366,13053.544142755793,13303.407903427029
synthetic,0.001,global,depth,-0.024643656690852223,-0.040857838335061444,-0.008620567449499662,7,0.6815442043856956,0.7079327117302006,13053.544142755793,13317.668290893049
synthetic,0.001,group,depth,-0.02326734637945788,-0.03992494182462018,-0.006842024301990978,7,0.6815442043856956,0.7064621947869366,13053.544142755793,13303.407903427029
synthetic,0.003,global,group_depth,0.014005293004540807,0.007520059396500592,0.02064571615548371,7,0.08929754536787163,0.06691660068193203,859.643178982903,437.0259460385025
synthetic,0.003,group,group_depth,0.00023336696669521196,8.415153508068846e-05,0.00036939138706469047,7,0.08929754536787163,0.08934602394841878,859.643178982903,873.8644945084526
synthetic,0.01,global,depth,0.0,0.0,0.0,7,0.0,0.0,0.0,0.0
synthetic,0.01,group,depth,-0.0009651788051645866,-0.002205991739460691,4.081580574200627e-05,7,0.0,0.001729069372848763,0.0,11.563278784765508
synthetic,0.03,global,depth,0.0,0.0,0.0,7,0.0,0.0,0.0,0.0
synthetic,0.03,group,depth,0.0,0.0,0.0,7,0.0,0.0,0.0,0.0
synthetic,0.1,global,depth,0.0,0.0,0.0,7,0.0,0.0,0.0,0.0
synthetic,0.1,group,depth,0.0,0.0,0.0,7,0.0,0.0,0.0,0.0
synthetic,0.3,global,depth,0.0,0.0,0.0,7,0.0,0.0,0.0,0.0
synthetic,0.3,group,depth,0.0,0.0,0.0,7,0.0,0.0,0.0,0.0
synthetic,1.0,global,depth,0.0,0.0,0.0,7,0.0,0.0,0.0,0.0
synthetic,1.0,group,depth,0.0,0.0,0.0,7,0.0,0.0,0.0,0.0
