dataset,method,price,fit_seconds,utility_per_block,hits,raw_hits,input_blocks,cost,mean_blocks,peak_blocks,hit_rate,selected,capacity
conversation,global,0.0,0.00011070800246670842,0.3391661458798322,37990,37990,112010,48454036.883,34247.98599250382,49658,0.3391661458798322,,
conversation,group,0.0,9.862499427981675e-05,0.33900544594232657,37972,37972,112010,48437428.883,34236.247227522545,49658,0.33900544594232657,,
conversation,depth,0.0,9.070901433005929e-05,0.3391661458798322,37990,37990,112010,48454036.883,34247.98599250382,49658,0.3391661458798322,,
conversation,group_depth,0.0,0.0002797089982777834,0.3387465404874565,37943,37943,112010,48433951.886,34233.789637769194,49655,0.3387465404874565,,
conversation,unconstrained,0.0,4.262497532181442e-05,0.3387465404874565,37943,37943,112010,48424651.886,34227.21626865034,49655,0.3387465404874565,,
conversation,selected,0.0,0.0,0.3391661458798322,37990,37990,112010,48454036.883,34247.98599250382,49658,0.3391661458798322,depth,
conversation,global,0.0001,3.29999893438071e-05,0.2970313650075886,37160,37160,112010,38895168.055,27491.644791954986,36033,0.3317560932059638,,
conversation,group,0.0001,9.583300561644137e-05,0.2968833496518168,37142,37142,112010,38880960.055,27481.602380294706,36033,0.33159539326845816,,
conversation,depth,0.0001,8.98329890333116e-05,0.2961729075189715,37983,37983,112010,48086726.288,33988.365764310365,49201,0.3391036514596911,,
conversation,group_depth,0.0001,0.0002787910052575171,0.29577123355861085,37936,37936,112010,48066641.291,33974.16940957575,49198,0.3386840460673154,,
conversation,unconstrained,0.0001,3.491700044833124e-05,0.29195578101419517,37196,37713,112010,44940329.686,31764.44896224172,44697,0.3320774930809749,,
conversation,selected,0.0001,0.0,0.2961729075189715,37983,37983,112010,48086726.288,33988.365764310365,49201,0.3391036514596911,depth,
conversation,global,0.0003,3.504101186990738e-05,0.22758190861083832,37160,37160,112010,38895168.055,27491.644791954986,36033,0.3317560932059638,,
conversation,group,0.0003,9.358298848383129e-05,0.22745926241853406,37142,37142,112010,38880960.055,27481.602380294706,36033,0.33159539326845816,,
conversation,depth,0.0003,8.295802399516106e-05,0.22618627082135526,36829,36829,112010,38312919.351,27080.103324173968,35304,0.32880099991072226,,
conversation,group_depth,0.0003,0.0002771659928839654,0.22596102306758326,36799,36799,112010,38297019.354,27068.86498554283,35301,0.3285331666815463,,
conversation,unconstrained,0.0003,2.9874994652345777e-05,0.22596102306758326,36799,36799,112010,38297019.354,27068.86498554283,35301,0.3285331666815463,,
conversation,selected,0.0003,0.0,0.22618627082135526,36829,36829,112010,38312919.351,27080.103324173968,35304,0.32880099991072226,depth,
conversation,global,0.001,3.320901305414736e-05,0.10210707990358002,22857,22857,112010,11419985.98,8071.804642862495,10162,0.20406213730916883,,
conversation,group,0.001,9.304200648330152e-05,0.10563108800107134,23423,23423,112010,11591261.833,8192.864793713541,10314,0.20911525756628874,,
conversation,depth,0.001,9.400001727044582e-05,0.10229266382465851,23364,23364,112010,11906198.725,8415.466561483336,10544,0.20858851888224267,,
conversation,group_depth,0.001,0.0004187079903203994,0.10364674758503706,22174,22174,112010,10564527.803,7467.154926393816,9089,0.19796446745826266,,
conversation,unconstrained,0.001,3.0291994335129857e-05,0.1002141188018927,22174,22488,112010,10949016.553,7738.916913038426,9528,0.19796446745826266,,
conversation,selected,0.001,0.0,0.10364674758503706,22174,22174,112010,10564527.803,7467.154926393816,9089,0.19796446745826266,group_depth,
conversation,global,0.003,3.116601146757603e-05,0.02720616798500134,4012,4012,112010,321545.708,227.27297067372652,1313,0.035818230515132575,,
conversation,group,0.003,9.233297896571457e-05,0.046466890607981426,5888,5888,112010,227747.861,160.97535014852986,292,0.052566735112936344,,
conversation,depth,0.003,8.124997839331627e-05,0.04618124274618338,5177,5177,112010,1413.0,0.9987280177348086,1,0.046219087581465944,,
conversation,group_depth,0.003,0.0002815409970935434,0.04682066256584233,6130,6130,112010,295205.862,208.65560182516307,288,0.05472725649495581,,
conversation,unconstrained,0.003,2.6374997105449438e-05,0.04682066256584233,6130,6130,112010,295205.862,208.65560182516307,288,0.05472725649495581,,
conversation,selected,0.003,0.0,0.04682066256584233,6130,6130,112010,295205.862,208.65560182516307,288,0.05472725649495581,group_depth,
conversation,global,0.01,3.0583993066102266e-05,0.007111355414695116,4012,4012,112010,321545.708,227.27297067372652,1313,0.035818230515132575,,
conversation,group,0.01,8.645901107229292e-05,0.04576814739755379,5415,5415,112010,28850.981,20.39227393052698,64,0.04834389786626194,,
conversation,depth,0.01,7.858301978558302e-05,0.04609293813052406,5177,5177,112010,1413.0,0.9987280177348086,1,0.046219087581465944,,
conversation,group_depth,0.01,0.00026766600785776973,0.044682172573877334,5563,5563,112010,55814.985,39.4508063191423,167,0.04966520846353004,,
conversation,unconstrained,0.01,3.745799767784774e-05,0.04441862467636818,5449,5499,112010,47366.985,33.479642629245866,135,0.04864744219266137,,
conversation,selected,0.01,0.0,0.044682172573877334,5563,5563,112010,55814.985,39.4508063191423,167,0.04966520846353004,group_depth,
conversation,global,0.03,2.9583985451608896e-05,0.0,0,0,112010,0.0,0.0,0,0.0,,
conversation,group,0.03,6.849999772384763e-05,0.0458406392286403,5177,5177,112010,1413.0,0.9987280177348086,1,0.046219087581465944,,
conversation,depth,0.03,7.291598012670875e-05,0.0458406392286403,5177,5177,112010,1413.0,0.9987280177348086,1,0.046219087581465944,,
conversation,group_depth,0.03,0.00026420800713822246,0.0458406392286403,5177,5177,112010,1413.0,0.9987280177348086,1,0.046219087581465944,,
conversation,unconstrained,0.03,2.6249996153637767e-05,0.0458406392286403,5177,5177,112010,1413.0,0.9987280177348086,1,0.046219087581465944,,
conversation,selected,0.03,0.0,0.0458406392286403,5177,5177,112010,1413.0,0.9987280177348086,1,0.046219087581465944,depth,
conversation,global,0.1,3.316599759273231e-05,0.0,0,0,112010,0.0,0.0,0,0.0,,
conversation,group,0.1,8.754100417718291e-05,0.044957593072047136,5177,5177,112010,1413.0,0.9987280177348086,1,0.046219087581465944,,
conversation,depth,0.1,8.754100417718291e-05,0.044957593072047136,5177,5177,112010,1413.0,0.9987280177348086,1,0.046219087581465944,,
conversation,group_depth,0.1,0.00025754200760275126,0.044957593072047136,5177,5177,112010,1413.0,0.9987280177348086,1,0.046219087581465944,,
conversation,unconstrained,0.1,2.7834001230075955e-05,0.044957593072047136,5177,5177,112010,1413.0,0.9987280177348086,1,0.046219087581465944,,
conversation,selected,0.1,0.0,0.044957593072047136,5177,5177,112010,1413.0,0.9987280177348086,1,0.046219087581465944,depth,
conversation,global,0.3,3.333299537189305e-05,0.0,0,0,112010,0.0,0.0,0,0.0,,
conversation,group,0.3,8.704100036993623e-05,0.042434604053209535,5177,5177,112010,1413.0,0.9987280177348086,1,0.046219087581465944,,
conversation,depth,0.3,8.179200813174248e-05,0.042434604053209535,5177,5177,112010,1413.0,0.9987280177348086,1,0.046219087581465944,,
conversation,group_depth,0.3,0.00025224999990314245,0.042434604053209535,5177,5177,112010,1413.0,0.9987280177348086,1,0.046219087581465944,,
conversation,unconstrained,0.3,2.6416993932798505e-05,0.042434604053209535,5177,5177,112010,1413.0,0.9987280177348086,1,0.046219087581465944,,
conversation,selected,0.3,0.0,0.042434604053209535,5177,5177,112010,1413.0,0.9987280177348086,1,0.046219087581465944,depth,
conversation,global,1.0,3.3374992199242115e-05,0.0,0,0,112010,0.0,0.0,0,0.0,,
conversation,group,1.0,8.541700663045049e-05,0.03360414248727792,5177,5177,112010,1413.0,0.9987280177348086,1,0.046219087581465944,,
conversation,depth,1.0,8.341699140146375e-05,0.03360414248727792,5177,5177,112010,1413.0,0.9987280177348086,1,0.046219087581465944,,
conversation,group_depth,1.0,0.0002739169867709279,0.03360414248727792,5177,5177,112010,1413.0,0.9987280177348086,1,0.046219087581465944,,
conversation,unconstrained,1.0,2.8165988624095917e-05,0.03360414248727792,5177,5177,112010,1413.0,0.9987280177348086,1,0.046219087581465944,,
conversation,selected,1.0,0.0,0.03360414248727792,5177,5177,112010,1413.0,0.9987280177348086,1,0.046219087581465944,depth,
conversation,LRU,,,,5181,5181,112010,361247.83999999997,255.33498878569094,256,0.0462547986786894,,256.0
conversation,FIFO,,,,4771,4771,112010,361247.83999999997,255.33498878569094,256,0.04259441121328453,,256.0
conversation,LRU,,,,5552,5552,112010,1440995.389,1018.5155473609126,1024,0.04956700294616552,,1024.0
conversation,FIFO,,,,5287,5392,112010,1440995.389,1018.5155473609126,1024,0.04720114275511115,,1024.0
conversation,LRU,,,,10924,10981,112010,5696558.726,4026.406797118122,4096,0.09752700651727525,,4096.0
conversation,FIFO,,,,10355,10598,112010,5696558.726,4026.406797118122,4096,0.09244710293723775,,4096.0
conversation,LRU,,,,31011,31011,112010,21226728.788,15003.346613895,16384,0.2768592089991965,,16384.0
conversation,FIFO,,,,27975,28934,112010,21226728.788,15003.346613895,16384,0.2497544862065887,,16384.0
conversation,unbounded_reference,,,,38463,38463,112010,54982218.111,38862.19512007213,73542,0.34338898312650656,,
toolagent,global,0.0,5.7375000324100256e-05,0.5712112279634102,90108,90108,157749,44533973.199,31477.23055547938,45184,0.5712112279634102,,
toolagent,group,0.0,9.133398998528719e-05,0.5710971226442006,90090,90090,157749,44517365.199,31465.491790498105,45184,0.5710971226442006,,
toolagent,depth,0.0,8.449997403658926e-05,0.5712112279634102,90108,90108,157749,44533973.199,31477.23055547938,45184,0.5712112279634102,,
toolagent,group_depth,0.0,0.0002648749796207994,0.5709132862965851,90061,90061,157749,44450609.292,31418.307788608367,45100,0.5709132862965851,,
toolagent,unconstrained,0.0,2.766601392067969e-05,0.5709132862965851,90061,90061,157749,44441309.292,31411.734419489516,45100,0.5709132862965851,,
toolagent,selected,0.0,0.0,0.5712112279634102,90108,90108,157749,44533973.199,31477.23055547938,45184,0.5712112279634102,depth,
toolagent,global,0.0001,3.333299537189305e-05,0.5450377546304573,89545,89545,157749,35658392.448,25203.846854353083,32272,0.567642267145909,,
toolagent,group,0.0001,9.604200022295117e-05,0.5457331250594298,89485,89485,157749,33961452.55,24004.426174562108,30855,0.5672619160818769,,
toolagent,depth,0.0001,8.537498069927096e-05,0.5450377546304573,89545,89545,157749,35658392.448,25203.846854353083,32272,0.567642267145909,,
toolagent,group_depth,0.0001,0.00027695801691152155,0.5454400723243887,89482,89482,157749,34393740.309,24309.973164397277,31171,0.5672428985286753,,
toolagent,unconstrained,0.0001,3.2458017813041806e-05,0.5454459677658812,89482,89482,157749,34384440.309,24303.399795278427,31171,0.5672428985286753,,
toolagent,selected,0.0001,0.0,0.5454400723243887,89482,89482,157749,34393740.309,24309.973164397277,31171,0.5672428985286753,group_depth,
toolagent,global,0.0003,3.15000070258975e-05,0.49982872959955377,89545,89545,157749,35658392.448,25203.846854353083,32272,0.567642267145909,,
toolagent,group,0.0003,0.00010162501712329686,0.5023786990148907,89343,89343,157749,33644208.697,23780.19381472825,30599,0.5663617518970009,,
toolagent,depth,0.0003,9.391701314598322e-05,0.4999171204476732,89418,89418,157749,35188580.555,24871.777285631124,31845,0.5668371907270411,,
toolagent,group_depth,0.0003,0.0002897089871112257,0.5023625814046365,89190,89190,157749,33142683.82,23425.709068620035,30151,0.565391856683719,,
toolagent,unconstrained,0.0003,4.0834012906998396e-05,0.5023625814046365,89190,89190,157749,33142683.82,23425.709068620035,30151,0.565391856683719,,
toolagent,selected,0.0003,0.0,0.5023625814046365,89190,89190,157749,33142683.82,23425.709068620035,30151,0.565391856683719,group_depth,
toolagent,global,0.001,3.933400148525834e-05,0.41582243404395586,76180,76180,157749,10584426.852,7481.219850500382,8863,0.4829190676327584,,
toolagent,group,0.001,8.837500354275107e-05,0.4194565731636967,76382,76382,157749,10213145.04,7218.79271099596,8721,0.4841995828816664,,
toolagent,depth,0.001,7.616597576998174e-05,0.4169620713538596,77555,77555,157749,11779650.206,8326.02031128649,9793,0.49163544618349403,,
toolagent,group_depth,0.001,0.00027933300589211285,0.4203708573049591,79097,79097,157749,12783917.631,9035.850470271549,10690,0.5014104685291191,,
toolagent,unconstrained,0.001,2.516602398827672e-05,0.415023719136096,77290,77604,157749,11820423.33,8354.839321413436,9722,0.48995556231735227,,
toolagent,selected,0.001,0.0,0.4203708573049591,79097,79097,157749,12783917.631,9035.850470271549,10690,0.5014104685291191,group_depth,
toolagent,global,0.003,3.1333998776972294e-05,0.35096969358918284,58404,58404,157749,1012960.602,715.9746171825324,1811,0.3702337257288477,,
toolagent,group,0.003,9.358298848383129e-05,0.36837126771643564,58609,58609,157749,166266.963,117.51979785688376,264,0.3715332585309574,,
toolagent,depth,0.003,8.445800631307065e-05,0.36064310157275165,58395,58395,157749,501303.79,354.328478747096,733,0.3701766730692429,,
toolagent,group_depth,0.003,0.0002663749910425395,0.3685861089959366,58837,58837,157749,230969.964,163.25277728379342,247,0.3729785925742794,,
toolagent,unconstrained,0.003,2.6833004085347056e-05,0.3685861089959366,58837,58837,157749,230969.964,163.25277728379342,247,0.3729785925742794,,
toolagent,selected,0.003,0.0,0.3685861089959366,58837,58837,157749,230969.964,163.25277728379342,247,0.3729785925742794,group_depth,
toolagent,global,0.01,3.95829847548157e-05,0.30602028526329805,58404,58404,157749,1012960.602,715.9746171825324,1811,0.3702337257288477,,
toolagent,group,0.01,9.579199831932783e-05,0.3651306846953071,58587,58587,157749,98799.962,69.83318485529682,139,0.3713937964741456,,
toolagent,depth,0.01,7.579199154861271e-05,0.3384259937622426,58391,58391,157749,500463.791,353.7347557915623,732,0.3701513163316408,,
toolagent,group_depth,0.01,0.0002715419977903366,0.36486336103556916,58545,58545,157749,98816.966,69.84520351857606,135,0.3711275507293232,,
toolagent,unconstrained,0.01,2.6374997105449438e-05,0.36489125338353967,58541,58541,157749,97976.967,69.25148056304228,135,0.371102193991721,,
toolagent,selected,0.01,0.0,0.36486336103556916,58545,58545,157749,98816.966,69.84520351857606,135,0.3711275507293232,group_depth,
toolagent,global,0.03,3.0415976652875543e-05,0.2184574426462291,44129,44129,157749,322251.896,227.77211415666218,1138,0.27974186841121024,,
toolagent,group,0.03,9.454201790504158e-05,0.35644815840353977,58345,58345,157749,70521.982,49.84591598697087,101,0.3698597138492162,,
toolagent,depth,0.03,8.162501035258174e-05,0.2800874092387273,54645,54645,157749,348716.376,246.47757604681257,577,0.34640473156723656,,
toolagent,group_depth,0.03,0.00026087500737048686,0.3568833434126365,58331,58331,157749,67766.982,47.89864373724731,89,0.36977096526760866,,
toolagent,unconstrained,0.03,3.250001464039087e-05,0.3568833434126365,58331,58331,157749,67766.982,47.89864373724731,89,0.36977096526760866,,
toolagent,selected,0.03,0.0,0.3568833434126365,58331,58331,157749,67766.982,47.89864373724731,89,0.36977096526760866,group_depth,
toolagent,global,0.1,4.1457999031990767e-05,0.07546044919460661,44129,44129,157749,322251.896,227.77211415666218,1138,0.27974186841121024,,
toolagent,group,0.1,7.712500519119203e-05,0.3252191887111804,58343,58343,157749,70399.982,49.759684693153716,101,0.3698470354804151,,
toolagent,depth,0.1,8.358299965038896e-05,0.18834206239025286,46508,46508,157749,167972.28,118.7251395886739,461,0.29482278810008306,,
toolagent,group_depth,0.1,0.00025470901164226234,0.33043005851067203,57937,57937,157749,58119.887,41.079943053419015,72,0.36727332661379786,,
toolagent,unconstrained,0.1,7.233300129882991e-05,0.33049471819155746,57935,57935,157749,57997.887,40.99371175960186,72,0.3672606482449968,,
toolagent,selected,0.1,0.0,0.33043005851067203,57937,57937,157749,58119.887,41.079943053419015,72,0.36727332661379786,group_depth,
toolagent,global,0.3,3.183400258421898e-05,0.0,0,0,157749,0.0,0.0,0,0.0,,
toolagent,group,0.3,0.00010341597953811288,0.24520802223785887,56767,56767,157749,60285.599,42.610698363216954,90,0.3598564808651719,,
toolagent,depth,0.3,8.2874990766868e-05,0.05500700479876259,9970,9970,157749,4309.0,3.0456610250667304,4,0.06320166847333422,,
toolagent,group_depth,0.3,0.00031958302133716643,0.2754396915352871,53256,53256,157749,32685.547,23.102598417471988,42,0.3375996044348934,,
toolagent,unconstrained,0.3,2.8165988624095917e-05,0.2754396915352871,53256,53256,157749,32685.547,23.102598417471988,42,0.3375996044348934,,
toolagent,selected,0.3,0.0,0.2754396915352871,53256,53256,157749,32685.547,23.102598417471988,42,0.3375996044348934,group_depth,
toolagent,global,1.0,2.9291986720636487e-05,0.0,0,0,157749,0.0,0.0,0,0.0,,
toolagent,group,1.0,9.250000584870577e-05,0.0856565176324414,42732,42732,157749,29219.77,20.65293911590023,71,0.2708860278036628,,
toolagent,depth,1.0,9.774998761713505e-05,0.03588612289142879,9970,9970,157749,4309.0,3.0456610250667304,4,0.06320166847333422,,
toolagent,group_depth,1.0,0.0002654579875525087,0.14659997844677303,37326,37326,157749,14200.0,10.03675714921039,11,0.23661639693437042,,
toolagent,unconstrained,1.0,2.633300027810037e-05,0.14659997844677303,37326,37326,157749,14200.0,10.03675714921039,11,0.23661639693437042,,
toolagent,selected,1.0,0.0,0.14659997844677303,37326,37326,157749,14200.0,10.03675714921039,11,0.23661639693437042,group_depth,
toolagent,LRU,,,,57350,57377,157749,361313.86199999996,255.38165405192368,256,0.3635522253706838,,256.0
toolagent,FIFO,,,,52483,53193,157749,361313.86199999996,255.38165405192368,256,0.3326994148932798,,256.0
toolagent,LRU,,,,58767,58795,157749,1441208.3869999999,1018.6660973045229,1024,0.37253484966624195,,1024.0
toolagent,FIFO,,,,57230,57352,157749,1441208.3869999999,1018.6660973045229,1024,0.3627915232426196,,1024.0
toolagent,LRU,,,,65344,65368,157749,5694458.732999999,4024.9224929099496,4096,0.4142276654685608,,4096.0
toolagent,FIFO,,,,64246,64480,157749,5694458.732999999,4024.9224929099496,4096,0.40726724099677336,,4096.0
toolagent,LRU,,,,84933,85025,157749,21093927.970999997,14909.481152666427,16384,0.5384059486906415,,16384.0
toolagent,FIFO,,,,81909,82812,157749,21093927.970999997,14909.481152666427,16384,0.5192362550634235,,16384.0
toolagent,unbounded_reference,,,,90268,90268,157749,50604829.307,35768.19593884533,67335,0.5722254974674958,,
synthetic,global,0.0,4.9667025450617075e-05,0.7079327117302006,43809,43809,61883,5444395.974,13317.66829089308,18074,0.7079327117302006,,
synthetic,group,0.0,9.037501877173781e-05,0.7064621947869366,43718,43718,61883,5438566.185,13303.40790342702,18066,0.7064621947869366,,
synthetic,depth,0.0,0.00014325001393444836,0.6815442043856956,42176,42176,61883,5336419.381,13053.544142755803,17767,0.6815442043856956,,
synthetic,group_depth,0.0,0.00026795800658874214,0.6800736874424317,42085,42085,61883,5330589.592,13039.283755289744,17759,0.6800736874424317,,
synthetic,unconstrained,0.0,2.679199678823352e-05,0.6800736874424317,42085,42085,61883,5330589.592,13039.283755289744,17759,0.6800736874424317,,
synthetic,selected,0.0,0.0,0.6815442043856956,42176,42176,61883,5336419.381,13053.544142755803,17767,0.6815442043856956,depth,
synthetic,global,0.0001,2.983299782499671e-05,0.6991348254383272,43809,43809,61883,5444395.974,13317.66829089308,18074,0.7079327117302006,,
synthetic,group,0.0001,9.541699546389282e-05,0.6976737291582502,43718,43718,61883,5438566.185,13303.40790342702,18066,0.7064621947869366,,
synthetic,depth,0.0001,9.008400957100093e-05,0.6729208031591875,42176,42176,61883,5336419.381,13053.544142755803,17767,0.6815442043856956,,
synthetic,group_depth,0.0001,0.00026295898715034127,0.6714597068791105,42085,42085,61883,5330589.592,13039.283755289744,17759,0.6800736874424317,,
synthetic,unconstrained,0.0001,3.0208000680431724e-05,0.6714597068791105,42085,42085,61883,5330589.592,13039.283755289744,17759,0.6800736874424317,,
synthetic,selected,0.0001,0.0,0.6729208031591875,42176,42176,61883,5336419.381,13053.544142755803,17767,0.6815442043856956,depth,
synthetic,global,0.0003,3.6250014090910554e-05,0.6815390528545804,43809,43809,61883,5444395.974,13317.66829089308,18074,0.7079327117302006,,
synthetic,group,0.0003,8.95409903023392e-05,0.6800967979008775,43718,43718,61883,5438566.185,13303.40790342702,18066,0.7064621947869366,,
synthetic,depth,0.0003,9.904199396260083e-05,0.6556740007061713,42176,42176,61883,5336419.381,13053.544142755803,17767,0.6815442043856956,,
synthetic,group_depth,0.0003,0.00029095899662934244,0.6542317457524683,42085,42085,61883,5330589.592,13039.283755289744,17759,0.6800736874424317,,
synthetic,unconstrained,0.0003,2.9916991479694843e-05,0.6542317457524683,42085,42085,61883,5330589.592,13039.283755289744,17759,0.6800736874424317,,
synthetic,selected,0.0003,0.0,0.6556740007061713,42176,42176,61883,5336419.381,13053.544142755803,17767,0.6815442043856956,depth,
synthetic,global,0.001,3.1333009246736765e-05,0.6199538488114669,43809,43809,61883,5444395.974,13317.66829089308,18074,0.7079327117302006,,
synthetic,group,0.001,9.091699030250311e-05,0.6185775385000727,43718,43718,61883,5438566.185,13303.40790342702,18066,0.7064621947869366,,
synthetic,depth,0.001,0.00011412499588914216,0.5953101921206148,42176,42176,61883,5336419.381,13053.544142755803,17767,0.6815442043856956,,
synthetic,group_depth,0.001,0.0002703330246731639,0.5939338818092206,42085,42085,61883,5330589.592,13039.283755289744,17759,0.6800736874424317,,
synthetic,unconstrained,0.001,3.087500226683915e-05,0.5941299570641372,42085,42085,61883,5318455.867,13009.603157946234,17606,0.6800736874424317,,
synthetic,selected,0.001,0.0,0.5953101921206148,42176,42176,61883,5336419.381,13053.544142755803,17767,0.6815442043856956,depth,
synthetic,global,0.003,3.4582975786179304e-05,0.05825538950923517,4141,4141,61883,178660.577,437.025946038502,1157,0.06691660068193203,,
synthetic,group,0.003,8.679198799654841e-05,0.07202731554708079,5529,5529,61883,357244.544,873.8644945084513,1736,0.08934602394841878,,
synthetic,depth,0.003,8.7958003859967e-05,0.05848875647593038,4138,4138,61883,172846.761,422.8046305129522,975,0.06686812210138487,,
synthetic,group_depth,0.003,0.0002653330157045275,0.072260682513776,5526,5526,61883,351430.728,859.6431789829016,1584,0.08929754536787163,,
synthetic,unconstrained,0.003,2.7999980375170708e-05,0.027451093143512757,2256,3419,61883,185748.001,454.36266480761236,976,0.03645589257146551,,
synthetic,selected,0.003,0.0,0.072260682513776,5526,5526,61883,351430.728,859.6431789829016,1584,0.08929754536787163,group_depth,
synthetic,global,0.01,2.854198100976646e-05,0.0,0,0,61883,0.0,0.0,0,0.0,,
synthetic,group,0.01,8.983397856354713e-05,0.0009651788051645847,107,107,61883,4727.184,11.563278784765538,49,0.001729069372848763,,
synthetic,depth,0.01,8.950001210905612e-05,0.0,0,0,61883,0.0,0.0,0,0.0,,
synthetic,group_depth,0.01,0.0002683750062715262,0.0009651788051645847,107,107,61883,4727.184,11.563278784765538,49,0.001729069372848763,,
synthetic,unconstrained,0.01,2.5334011297672987e-05,-0.005313931936072912,0,276,61883,32884.205,80.43884689709157,157,0.0,,
synthetic,selected,0.01,0.0,0.0,0,0,61883,0.0,0.0,0,0.0,depth,
synthetic,global,0.03,3.1958974432200193e-05,0.0,0,0,61883,0.0,0.0,0,0.0,,
synthetic,group,0.03,8.483300916850567e-05,0.0,0,0,61883,0.0,0.0,0,0.0,,
synthetic,depth,0.03,8.116697426885366e-05,0.0,0,0,61883,0.0,0.0,0,0.0,,
synthetic,group_depth,0.03,0.00027249997947365046,0.0,0,0,61883,0.0,0.0,0,0.0,,
synthetic,unconstrained,0.03,3.087500226683915e-05,-0.0009146594379716562,0,55,61883,1886.729,4.6151733078936426,35,0.0,,
synthetic,selected,0.03,0.0,0.0,0,0,61883,0.0,0.0,0,0.0,depth,
synthetic,global,0.1,3.0750001315027475e-05,0.0,0,0,61883,0.0,0.0,0,0.0,,
synthetic,group,0.1,9.17089928407222e-05,0.0,0,0,61883,0.0,0.0,0,0.0,,
synthetic,depth,0.1,8.329201955348253e-05,0.0,0,0,61883,0.0,0.0,0,0.0,,
synthetic,group_depth,0.1,0.00026345800142735243,0.0,0,0,61883,0.0,0.0,0,0.0,,
synthetic,unconstrained,0.1,2.649999805726111e-05,0.0,0,0,61883,0.0,0.0,0,0.0,,
synthetic,selected,0.1,0.0,0.0,0,0,61883,0.0,0.0,0,0.0,depth,
synthetic,global,0.3,3.183301305398345e-05,0.0,0,0,61883,0.0,0.0,0,0.0,,
synthetic,group,0.3,8.829199941828847e-05,0.0,0,0,61883,0.0,0.0,0,0.0,,
synthetic,depth,0.3,7.487498805858195e-05,0.0,0,0,61883,0.0,0.0,0,0.0,,
synthetic,group_depth,0.3,0.000259541004197672,0.0,0,0,61883,0.0,0.0,0,0.0,,
synthetic,unconstrained,0.3,3.012499655596912e-05,0.0,0,0,61883,0.0,0.0,0,0.0,,
synthetic,selected,0.3,0.0,0.0,0,0,61883,0.0,0.0,0,0.0,depth,
synthetic,global,1.0,3.05419962387532e-05,0.0,0,0,61883,0.0,0.0,0,0.0,,
synthetic,group,1.0,8.637501741759479e-05,0.0,0,0,61883,0.0,0.0,0,0.0,,
synthetic,depth,1.0,7.849998655728996e-05,0.0,0,0,61883,0.0,0.0,0,0.0,,
synthetic,group_depth,1.0,0.0003224580141250044,0.0,0,0,61883,0.0,0.0,0,0.0,,
synthetic,unconstrained,1.0,2.579099964350462e-05,0.0,0,0,61883,0.0,0.0,0,0.0,,
synthetic,selected,1.0,0.0,0.0,0,0,61883,0.0,0.0,0,0.0,depth,
synthetic,LRU,,,,2182,2547,61883,104530.67199999999,255.69499767618203,256,0.03526008758463552,,256.0
synthetic,FIFO,,,,2266,2645,61883,104530.67199999999,255.69499767618203,256,0.036617487839956046,,256.0
synthetic,LRU,,,,9184,9366,61883,415678.761,1016.8018419314594,1024,0.14840909458171064,,1024.0
synthetic,FIFO,,,,9471,9561,61883,415678.761,1016.8018419314594,1024,0.1530468787873891,,1024.0
synthetic,LRU,,,,25685,25726,61883,1611638.329,3942.267383381032,4096,0.4150574471179484,,4096.0
synthetic,FIFO,,,,24472,24529,61883,1611638.329,3942.267383381032,4096,0.39545594105004606,,4096.0
synthetic,LRU,,,,43794,43794,61883,5242974.923999999,12824.96740295002,16384,0.7076903188274647,,16384.0
synthetic,FIFO,,,,42994,43042,61883,5242974.923999999,12824.96740295002,16384,0.6947626973482216,,16384.0
synthetic,unbounded_reference,,,,43809,43809,61883,5444395.974,13317.66829089308,18074,0.7079327117302006,,
